{
  "apps\\bff\\src\\app.ts": 1776751600.9793491,
  "apps\\bff\\src\\env.ts": 1776391522.244284,
  "apps\\bff\\src\\llm-client.ts": 1776743768.4517453,
  "apps\\bff\\src\\logger.ts": 1776391526.5194864,
  "apps\\bff\\src\\prisma.ts": 1776391530.0766542,
  "apps\\bff\\src\\server.ts": 1776509819.3142743,
  "apps\\bff\\src\\jobs\\eval-summaries.ts": 1776743740.2346175,
  "apps\\bff\\src\\jobs\\ingest-common.ts": 1776604285.6463144,
  "apps\\bff\\src\\jobs\\kcisa-ingest.ts": 1776604382.0475667,
  "apps\\bff\\src\\jobs\\run-ingest.ts": 1776745751.7485883,
  "apps\\bff\\src\\jobs\\scheduler.ts": 1776511204.0656261,
  "apps\\bff\\src\\jobs\\seed-admin.ts": 1776746196.5174687,
  "apps\\bff\\src\\jobs\\seoul-culture-ingest.ts": 1776604347.330953,
  "apps\\bff\\src\\jobs\\summarize-events.ts": 1776745729.8473372,
  "apps\\bff\\src\\jobs\\tourapi-ingest.ts": 1776604410.931394,
  "apps\\bff\\src\\lib\\s3.ts": 1776752221.0765,
  "apps\\bff\\src\\middleware\\require-admin.ts": 1776746079.115205,
  "apps\\bff\\src\\middleware\\require-auth.ts": 1776599432.4877193,
  "apps\\bff\\src\\middleware\\require-uploader.ts": 1776747311.4621375,
  "apps\\bff\\src\\routes\\admin-documents.ts": 1776750637.4152,
  "apps\\bff\\src\\routes\\admin-events.ts": 1776750681.6491995,
  "apps\\bff\\src\\routes\\admin-uploaders.ts": 1776751595.3215075,
  "apps\\bff\\src\\routes\\auth.ts": 1776746176.4556544,
  "apps\\bff\\src\\routes\\bookmarks.ts": 1776599576.1162891,
  "apps\\bff\\src\\routes\\chat.ts": 1776602915.8964255,
  "apps\\bff\\src\\routes\\event-detail.ts": 1776604723.9436753,
  "apps\\bff\\src\\routes\\event-reviews.ts": 1776751417.6652837,
  "apps\\bff\\src\\routes\\events-stats.ts": 1776593071.8987315,
  "apps\\bff\\src\\routes\\events.ts": 1776515537.1815615,
  "apps\\bff\\src\\routes\\lookups.ts": 1776514440.616561,
  "apps\\bff\\src\\routes\\uploader.ts": 1776751827.803075,
  "apps\\bff\\src\\routes\\uploads.ts": 1776751002.427958,
  "apps\\web\\vite.config.ts": 1776397158.3274155,
  "apps\\web\\src\\main.tsx": 1776748368.373919,
  "apps\\web\\src\\vite-env.d.ts": 1776395247.9284155,
  "apps\\web\\src\\components\\BookmarkButton.tsx": 1776599519.6553118,
  "apps\\web\\src\\components\\ChatDock.tsx": 1776746754.2372096,
  "apps\\web\\src\\components\\ChatHelpPanel.tsx": 1776509311.201883,
  "apps\\web\\src\\components\\ErrorBoundary.tsx": 1776597653.699051,
  "apps\\web\\src\\components\\EventList.tsx": 1776594723.804879,
  "apps\\web\\src\\components\\EventSummaryPanel.tsx": 1776605138.178207,
  "apps\\web\\src\\components\\FilterSearchPanel.tsx": 1776599090.4162178,
  "apps\\web\\src\\components\\FullListPanel.tsx": 1776599058.9447355,
  "apps\\web\\src\\components\\HealthBadge.tsx": 1776395412.8917868,
  "apps\\web\\src\\components\\Icon.tsx": 1776598992.5490217,
  "apps\\web\\src\\components\\OverlayPanel.tsx": 1776602547.438483,
  "apps\\web\\src\\components\\PhaseBadge.tsx": 1776594744.9860127,
  "apps\\web\\src\\components\\Poster.tsx": 1776746758.103849,
  "apps\\web\\src\\components\\SeoulMap.tsx": 1776746740.7262866,
  "apps\\web\\src\\components\\admin\\UploaderDetailPanel.tsx": 1776751671.722503,
  "apps\\web\\src\\components\\admin\\UploadReviewPanel.tsx": 1776750712.6607144,
  "apps\\web\\src\\components\\brand\\Logo.tsx": 1776500781.8196592,
  "apps\\web\\src\\components\\uploader\\DocumentsPickerField.tsx": 1776750970.6286297,
  "apps\\web\\src\\components\\uploader\\PosterPickerField.tsx": 1776750524.7730124,
  "apps\\web\\src\\data\\mock.ts": 1776515541.3950856,
  "apps\\web\\src\\layout\\AppShell.tsx": 1776602940.4888544,
  "apps\\web\\src\\layout\\Header.tsx": 1776748376.5752935,
  "apps\\web\\src\\layout\\MobileTabBar.tsx": 1776602499.456328,
  "apps\\web\\src\\layout\\Sidebar.tsx": 1776746748.4616323,
  "apps\\web\\src\\lib\\api.ts": 1776751641.9193015,
  "apps\\web\\src\\lib\\auth-context.tsx": 1776595909.2379718,
  "apps\\web\\src\\lib\\event-display.ts": 1776510034.5849614,
  "apps\\web\\src\\lib\\uploads.ts": 1776751077.7504015,
  "apps\\web\\src\\pages\\AdminEventsPage.tsx": 1776751751.7340043,
  "apps\\web\\src\\pages\\EventDetailPage.tsx": 1776751429.89682,
  "apps\\web\\src\\pages\\MyPage.tsx": 1776599984.9229047,
  "apps\\web\\src\\pages\\UploaderNewEventPage.tsx": 1776750974.4953587,
  "apps\\web\\src\\pages\\UploaderPage.tsx": 1776751463.2480118,
  "packages\\config\\src\\index.ts": 1776390790.5969281,
  "packages\\config\\src\\schema.ts": 1776511014.4864225,
  "services\\llm\\app.py": 1776743698.2785718,
  "services\\llm\\cost_tracker.py": 1776743660.8957183,
  "services\\llm\\filters.py": 1776602851.4405973,
  "services\\llm\\openai_chain.py": 1776745707.2667189,
  "services\\llm\\summary_guard.py": 1776743405.185208,
  "CLAUDE.md": 1776327993.9831622,
  "DESIGN.md": 1776594762.9485343,
  "llm_wiki_\uc14b\uc5c5\uac00\uc774\ub4dc.md": 1776129377.1110883,
  "README.md": 1776500839.852427,
  "apps\\bff\\README.md": 1776388859.031436,
  "apps\\web\\README.md": 1776500936.2159033,
  "docs\\decisions\\0001-ddl-v3-vs-terminology-v5-reconciliation.md": 1776387857.5343194,
  "docs\\decisions\\0002-stack-decisions.md": 1776388794.8788817,
  "docs\\requirements\\README.md": 1776387023.3906727,
  "graphify-out\\GRAPH_REPORT.md": 1776752934.810414,
  "infra\\db\\migrations\\README.md": 1776387013.3481286,
  "infra\\docker\\README.md": 1776387006.2319148,
  "llm_wiki\\README.md": 1776127616.6986408,
  "llm_wiki\\schema.md": 1776128478.1955624,
  "llm_wiki\\\uc0ac\uc6a9\ubc95.md": 1776129326.3972054,
  "llm_wiki\\graphify-out\\converted\\DB_\uc124\uacc4_\uba85\uc138\uc11c_v3_c653fe26.md": 1776598327.6232731,
  "llm_wiki\\graphify-out\\converted\\\uc7a5\uc6d0\ud300_\uc694\uad6c\uc0ac\ud56d\uc815\uc758\uc11c_5\ucc28_81ea2fb0.md": 1776598327.7849205,
  "graphify-out\\converted\\DB_\uc124\uacc4_\uba85\uc138\uc11c_v3_c653fe26.md": 1776752935.2429454,
  "llm_wiki\\raw\\README.md": 1776355752.0,
  "graphify-out\\converted\\\uc7a5\uc6d0\ud300_\uc694\uad6c\uc0ac\ud56d\uc815\uc758\uc11c_5\ucc28_81ea2fb0.md": 1776752935.367486,
  "llm_wiki\\raw\\design_handoff_alle_brand\\README.md": 1776499887.0,
  "llm_wiki\\wiki\\index.md": 1776605685.9826043,
  "llm_wiki\\wiki\\lint-report.md": 1776605697.0343397,
  "llm_wiki\\wiki\\log.md": 1776605634.2319396,
  "llm_wiki\\wiki\\entities\\google.md": 1776602134.727004,
  "llm_wiki\\wiki\\entities\\kakao.md": 1776602156.5094695,
  "llm_wiki\\wiki\\entities\\kcisa.md": 1776602210.753139,
  "llm_wiki\\wiki\\entities\\seoul-open-data.md": 1776602195.208598,
  "llm_wiki\\wiki\\entities\\tourapi.md": 1776602175.0366967,
  "llm_wiki\\wiki\\sources\\2026-04-16_db-design-spec.md": 1776389690.970008,
  "llm_wiki\\wiki\\sources\\2026-04-16_event-curation-ddl.md": 1776389709.7838826,
  "llm_wiki\\wiki\\sources\\2026-04-17_requirements-v5.md": 1776601951.2833052,
  "llm_wiki\\wiki\\sources\\2026-04-17_ui-flow-draft.md": 1776389541.7514737,
  "llm_wiki\\wiki\\topics\\admin-flow.md": 1776385769.5957582,
  "llm_wiki\\wiki\\topics\\adr-0001-terminology-reconciliation.md": 1776389974.6212492,
  "llm_wiki\\wiki\\topics\\adr-0002-stack-decisions.md": 1776390012.6049316,
  "llm_wiki\\wiki\\topics\\ai-enrichment.md": 1776745846.6449215,
  "llm_wiki\\wiki\\topics\\auth-flow.md": 1776602064.7126727,
  "llm_wiki\\wiki\\topics\\db-schema-overview.md": 1776601932.2540915,
  "llm_wiki\\wiki\\topics\\event-detail-review-flow.md": 1776389491.0405383,
  "llm_wiki\\wiki\\topics\\event-state-machine.md": 1776389559.7717638,
  "llm_wiki\\wiki\\topics\\filters-5-types.md": 1776601894.3223112,
  "llm_wiki\\wiki\\topics\\ingest-pipeline.md": 1776602116.2275558,
  "llm_wiki\\wiki\\topics\\main-page-flow.md": 1776389512.7598133,
  "llm_wiki\\wiki\\topics\\roles-and-active-role.md": 1776389647.2080333,
  "llm_wiki\\wiki\\topics\\tech-stack.md": 1776398251.3561523,
  "llm_wiki\\wiki\\topics\\terminology-glossary.md": 1776602010.8501527,