{
  "apps\\bff\\src\\app.ts": 1776513824.4712555,
  "apps\\bff\\src\\env.ts": 1776391522.244284,
  "apps\\bff\\src\\logger.ts": 1776391526.5194864,
  "apps\\bff\\src\\prisma.ts": 1776391530.0766542,
  "apps\\bff\\src\\server.ts": 1776509819.3142743,
  "apps\\bff\\src\\jobs\\ingest-common.ts": 1776513467.0713415,
  "apps\\bff\\src\\jobs\\kcisa-ingest.ts": 1776513151.262641,
  "apps\\bff\\src\\jobs\\run-ingest.ts": 1776513175.517965,
  "apps\\bff\\src\\jobs\\scheduler.ts": 1776511204.0656261,
  "apps\\bff\\src\\jobs\\seoul-culture-ingest.ts": 1776513139.8000667,
  "apps\\bff\\src\\jobs\\tourapi-ingest.ts": 1776513119.6613111,
  "apps\\bff\\src\\routes\\events-stats.ts": 1776513814.934235,
  "apps\\bff\\src\\routes\\events.ts": 1776513735.7551386,
  "apps\\web\\vite.config.ts": 1776397158.3274155,
  "apps\\web\\src\\main.tsx": 1776396566.7097604,
  "apps\\web\\src\\vite-env.d.ts": 1776395247.9284155,
  "apps\\web\\src\\components\\ChatDock.tsx": 1776509361.8783941,
  "apps\\web\\src\\components\\ChatHelpPanel.tsx": 1776509311.201883,
  "apps\\web\\src\\components\\EventList.tsx": 1776510136.6276534,
  "apps\\web\\src\\components\\FilterSearchPanel.tsx": 1776510115.796007,
  "apps\\web\\src\\components\\FullListPanel.tsx": 1776513850.1730895,
  "apps\\web\\src\\components\\HealthBadge.tsx": 1776395412.8917868,
  "apps\\web\\src\\components\\Icon.tsx": 1776509082.4726996,
  "apps\\web\\src\\components\\OverlayPanel.tsx": 1776509204.6580038,
  "apps\\web\\src\\components\\PhaseBadge.tsx": 1776509108.4103866,
  "apps\\web\\src\\components\\Poster.tsx": 1776510047.6547596,
  "apps\\web\\src\\components\\SeoulMap.tsx": 1776513786.9442546,
  "apps\\web\\src\\components\\brand\\Logo.tsx": 1776500781.8196592,
  "apps\\web\\src\\data\\mock.ts": 1776509104.2548296,
  "apps\\web\\src\\layout\\AppShell.tsx": 1776509384.7619298,
  "apps\\web\\src\\layout\\Header.tsx": 1776509136.823821,
  "apps\\web\\src\\layout\\Sidebar.tsx": 1776509171.5922012,
  "apps\\web\\src\\lib\\api.ts": 1776513835.47518,
  "apps\\web\\src\\lib\\event-display.ts": 1776510034.5849614,
  "packages\\config\\src\\index.ts": 1776390790.5969281,
  "packages\\config\\src\\schema.ts": 1776511014.4864225,
  "CLAUDE.md": 1776327993.9831622,
  "DESIGN.md": 1776500873.7426047,
  "llm_wiki_\uc14b\uc5c5\uac00\uc774\ub4dc.md": 1776129377.1110883,
  "README.md": 1776500839.852427,
  "apps\\bff\\README.md": 1776388859.031436,
  "apps\\web\\README.md": 1776500936.2159033,
  "docs\\decisions\\0001-ddl-v3-vs-terminology-v5-reconciliation.md": 1776387857.5343194,
  "docs\\decisions\\0002-stack-decisions.md": 1776388794.8788817,
  "docs\\requirements\\README.md": 1776387023.3906727,
  "graphify-out\\GRAPH_REPORT.md": 1776501841.0966942,
  "infra\\db\\migrations\\README.md": 1776387013.3481286,
  "infra\\docker\\README.md": 1776387006.2319148,
  "llm_wiki\\README.md": 1776127616.6986408,
  "llm_wiki\\schema.md": 1776128478.1955624,
  "llm_wiki\\\uc0ac\uc6a9\ubc95.md": 1776129326.3972054,
  "graphify-out\\converted\\DB_\uc124\uacc4_\uba85\uc138\uc11c_v3_c653fe26.md": 1776514265.770177,
  "llm_wiki\\raw\\README.md": 1776355752.0,
  "graphify-out\\converted\\\uc7a5\uc6d0\ud300_\uc694\uad6c\uc0ac\ud56d\uc815\uc758\uc11c_5\ucc28_81ea2fb0.md": 1776514266.0167267,
  "llm_wiki\\raw\\design_handoff_alle_brand\\README.md": 1776499887.0,
  "llm_wiki\\wiki\\index.md": 1776398260.7084057,
  "llm_wiki\\wiki\\lint-report.md": 1776390066.2792213,
  "llm_wiki\\wiki\\log.md": 1776398169.4257426,
  "llm_wiki\\wiki\\sources\\2026-04-16_db-design-spec.md": 1776389690.970008,
  "llm_wiki\\wiki\\sources\\2026-04-16_event-curation-ddl.md": 1776389709.7838826,
  "llm_wiki\\wiki\\sources\\2026-04-17_requirements-v5.md": 1776389721.8269935,
  "llm_wiki\\wiki\\sources\\2026-04-17_ui-flow-draft.md": 1776389541.7514737,
  "llm_wiki\\wiki\\topics\\admin-flow.md": 1776385769.5957582,
  "llm_wiki\\wiki\\topics\\adr-0001-terminology-reconciliation.md": 1776389974.6212492,
  "llm_wiki\\wiki\\topics\\adr-0002-stack-decisions.md": 1776390012.6049316,
  "llm_wiki\\wiki\\topics\\db-schema-overview.md": 1776390037.1475556,
  "llm_wiki\\wiki\\topics\\event-detail-review-flow.md": 1776389491.0405383,
  "llm_wiki\\wiki\\topics\\event-state-machine.md": 1776389559.7717638,
  "llm_wiki\\wiki\\topics\\filters-5-types.md": 1776389784.8102672,
  "llm_wiki\\wiki\\topics\\main-page-flow.md": 1776389512.7598133,
  "llm_wiki\\wiki\\topics\\roles-and-active-role.md": 1776389647.2080333,
  "llm_wiki\\wiki\\topics\\tech-stack.md": 1776398251.3561523,
  "llm_wiki\\wiki\\topics\\terminology-glossary.md": 1776390028.8308244,
  "llm_wiki\\wiki\\topics\\ui-architecture.md": 1776398227.1905556,
  "llm_wiki\\wiki\\topics\\uploader-flow.md": 1776389675.1753802,
  "llm_wiki\\wiki\\topics\\use-cases-index.md": 1776389515.9854393,
  "packages\\config\\README.md": 1776390908.807764,
  "packages\\shared-types\\README.md": 1776386993.0692852,
  "services\\llm\\README.md": 1776388868.353225,
  "image.png": 1776500429.920358,
  "apps\\web\\public\\favicon.svg": 1776500766.4609728,
  "apps\\web\\public\\logo-lockup.svg": 1776500766.4947073,
  "apps\\web\\public\\logo-mark.svg": 1776500766.4272542,
  "llm_wiki\\raw\\\ucd08\uc548.png": 1776385029.311812,
  "llm_wiki\\raw\\design_handoff_alle_brand\\assets\\favicon.svg": 1776499887.0,
  "llm_wiki\\raw\\design_handoff_alle_brand\\assets\\logo-lockup.svg": 1776499887.0,
  "llm_wiki\\raw\\design_handoff_alle_brand\\assets\\logo-mark.svg": 1776499887.0
}